<?xml version="1.0" encoding="UTF-8" standalone="yes"?>
<addon id="plugin.video.tab.nz" name="TAB" provider-name="SlyGuy" version="0.8.2">
  <requires>
    <import addon="script.module.slyguy"/>
  </requires>
  <extension point="xbmc.python.pluginsource" library="default.py" provides="video">
    <provides>video</provides>
  </extension>
  <extension point="xbmc.addon.metadata">
    <description lang="en">Watch Trackside and more!

Requires a valid TAB New Zealand login with a positive balance.</description>
    <reuselanguageinvoker>true</reuselanguageinvoker>
    <license></license>
    <language></language>
    <website></website>
    <news>Move EPG into Playlist</news>
    <assets>
      <icon>icon.png</icon>
      <fanart>fanart.jpg</fanart>
    </assets>
  </extension>
</addon>
