<?xml version="1.0" encoding="UTF-8" standalone="yes"?>
<addon id="game.controller.default"
        name="Default Controller"
        version="1.0.19"
        provider-name="Team Kodi">
    <extension point="kodi.game.controller" library="resources/layout.xml"/>
    <extension point="xbmc.addon.metadata">
        <platform>all</platform>
        <assets>
            <icon>resources/icon.png</icon>
        </assets>
        <summary lang="bs_BA">Zadani Džojstik</summary>
        <summary lang="ca_ES">Comandament per defecte</summary>
        <summary lang="da_DK">Standard controller</summary>
        <summary lang="de_DE">Standard-Controller</summary>
        <summary lang="en_GB">Default Controller</summary>
        <summary lang="es_ES">Mando por defecto</summary>
        <summary lang="es_MX">Mando por defecto</summary>
        <summary lang="fa_IR">دستهٔ پیش‌گزیده</summary>
        <summary lang="fi_FI">Oletusohjain</summary>
        <summary lang="fr_FR">Manette par défaut</summary>
        <summary lang="he_IL">בקר בררת מחדל</summary>
        <summary lang="hu_HU">Alap kontroller</summary>
        <summary lang="id_ID">Kontrol Bawaan</summary>
        <summary lang="ko_KR">기본 콘트롤러</summary>
        <summary lang="lt_LT">Numatytasis valdiklis</summary>
        <summary lang="nl_NL">Standaard Controller</summary>
        <summary lang="oc_FR">Contrarotlaire per defaut</summary>
        <summary lang="pl_PL">Kontroler domyślny</summary>
        <summary lang="pt_BR">Controlador Padrão</summary>
        <summary lang="ru_RU">Стандартный контроллер</summary>
        <summary lang="zh_CN">默认控制器</summary>
        <summary lang="zh_TW">預設控制器</summary>
        <description lang="bs_BA">Zadani džojstik za medijski centar je baziran na Xbox 360 džojstik.</description>
        <description lang="ca_ES">El comandament predeterminat del centre multimèdia es basa en el comandament d'Xbox 360.</description>
        <description lang="da_DK">Mediecentrets standardcontroller er baseret på Xbox 360-controlleren.</description>
        <description lang="de_DE">Der Standard-Mediacenter-Controller basiert auf dem Xbox 360 Controller.</description>
        <description lang="en_GB">The default media center controller is based on the Xbox 360 controller.</description>
        <description lang="es_ES">El mando por defecto del media center está basado en el mando de Xbox 360.</description>
        <description lang="es_MX">El mando por defecto de Kodi se basa en el control de Xbox 360.</description>
        <description lang="fa_IR">دستهٔ پیش‌گزیدهٔ مرکز رسانه، بر پایهٔ دستهٔ اکس‌باکس ۳۶۰ است.</description>
        <description lang="fi_FI">Mediakeskuksen oletusohjain perustuu Xbox 360 ohjaimeen.</description>
        <description lang="fr_FR">La manette par défaut du centre multimedia est basée sur la manette de la Xbox 360.</description>
        <description lang="he_IL">בקר בררת המחדל של מרכז המדיה מבוסס על הבקר של Xbox 360.</description>
        <description lang="hu_HU">Az alapértelmezett médiaközpont -vezérlő az Xbox 360 vezérlőn alapul.</description>
        <description lang="id_ID">Pengontrol pusat media default didasarkan pada pengontrol Xbox 360.</description>
        <description lang="ko_KR">기본 미디어 센터 컨트롤러는 Xbox 360 컨트롤러를 기반으로 합니다.</description>
        <description lang="lt_LT">Numatytasis media centro valdiklis yra paremtas Xbox 360 valdikliu.</description>
        <description lang="nl_NL">De standaard media centrum controller is gebaseerd op de Xbox 360 controller.</description>
        <description lang="pl_PL">Domyślny kontroler centrum multimedialnego jest oparty na kontrolerze Xbox 360.</description>
        <description lang="pt_BR">O controlador do media center padrão é baseado no controlador do Xbox 360.</description>
        <description lang="ru_RU">Стандартный контроллер, основанный на контроллере Xbox 360.</description>
        <description lang="zh_CN">默认媒体中心控制器基于 Xbox 360 控制器。</description>
        <description lang="zh_TW">預設的媒體中心控制器佈局是以Xbox 360控制器為基礎。</description>
        <disclaimer lang="bs_BA">Zasluga za sliku: Wikipedia (wikipedia.org)</disclaimer>
        <disclaimer lang="ca_ES">Crèdit de la imatge: Wikipedia (wikipedia.org)</disclaimer>
        <disclaimer lang="da_DK">Kildeangivelse: Wikipedia (wikipedia.org)</disclaimer>
        <disclaimer lang="de_DE">Bildnachweis: Wikipedia (wikipedia.org)</disclaimer>
        <disclaimer lang="en_GB">Image credit: Wikipedia (wikipedia.org)</disclaimer>
        <disclaimer lang="es_ES">Crédito de la imagen: Wikipedia (wikipedia.org)</disclaimer>
        <disclaimer lang="es_MX">Crédito de la imagen: Wikipedia (wikipedia.org)</disclaimer>
        <disclaimer lang="fa_IR">اعتبار تصویر: ویکی‌پدیا (wikipedia.org)</disclaimer>
        <disclaimer lang="fi_FI">Kuvan lähde: Wikipedia (wikipedia.org)</disclaimer>
        <disclaimer lang="fr_FR">Crédit Image : Wikipédia (wikipedia.org)</disclaimer>
        <disclaimer lang="he_IL">זכויות על התמונה: ויקיפדיה (wikipedia.org)</disclaimer>
        <disclaimer lang="hu_HU">Kép credit: Wikipedia (wikipedia.org)</disclaimer>
        <disclaimer lang="id_ID">Sumber gambar: Wikipedia (wikipedia.org)</disclaimer>
        <disclaimer lang="ko_KR">이미지 제공: Wikipedia(wikipedia.org)</disclaimer>
        <disclaimer lang="lt_LT">Atvaizdo šaltinis: Wikipedia (wikipedia.org)</disclaimer>
        <disclaimer lang="nl_NL">Bron afbeelding: Wikipedia (wikipedia.org)</disclaimer>
        <disclaimer lang="oc_FR">Crèdit imatge : Wikipedia (wikipedia.org)</disclaimer>
        <disclaimer lang="pl_PL">Pochodzenie obrazu: Wikipedia (wikipedia.org)</disclaimer>
        <disclaimer lang="pt_BR">Crédito da imagem: Wikipedia (wikipedia.org)</disclaimer>
        <disclaimer lang="ru_RU">Источник изображения: Wikipedia (wikipedia.org)</disclaimer>
        <disclaimer lang="zh_CN">图片来源：维基百科（Wikipedia.org）</disclaimer>
        <disclaimer lang="zh_TW">圖片來源：維基百科 (wikipedia.org)</disclaimer>
    </extension>
</addon>
