<?xml version="1.0" encoding="UTF-8" standalone="yes"?>
<addon id="plugin.video.three.now" name="ThreeNow" provider-name="SlyGuy" version="0.12.9">
  <requires>
    <import addon="script.module.slyguy"/>
  </requires>
  <extension point="xbmc.python.pluginsource" library="default.py" provides="video">
    <provides>video</provides>
  </extension>
  <extension point="xbmc.addon.metadata">
    <description lang="en">Watch the latest TV On Demand episodes of all your favourite shows from Three with ThreeNow</description>
    <reuselanguageinvoker>true</reuselanguageinvoker>
    <license></license>
    <language></language>
    <website></website>
    <news>New Search!</news>
    <assets>
      <icon>icon.png</icon>
      <fanart>fanart.jpg</fanart>
    </assets>
  </extension>
</addon>
