<?xml version="1.0" encoding="UTF-8" standalone="yes"?>
<addon id="game.controller.snes"
        name="SNES Controller"
        version="1.0.18"
        provider-name="Team Kodi">
    <extension point="kodi.game.controller" library="resources/layout.xml"/>
    <extension point="xbmc.addon.metadata">
        <platform>all</platform>
        <assets>
            <icon>resources/icon.png</icon>
        </assets>
        <summary lang="bs_BA">Super Nintendo Džojstik</summary>
        <summary lang="ca_ES">Comandament SNES</summary>
        <summary lang="da_DK">SNES controller</summary>
        <summary lang="de_DE">SNES-Controller</summary>
        <summary lang="en_GB">SNES controller</summary>
        <summary lang="es_ES">Mando SNES</summary>
        <summary lang="es_MX">Control de SNES</summary>
        <summary lang="fa_IR">دستهٔ SNES</summary>
        <summary lang="fi_FI">SNES ohjain</summary>
        <summary lang="fr_FR">Manette Super Nintendo</summary>
        <summary lang="he_IL">בקר SNES</summary>
        <summary lang="hu_HU">SNES kontroller</summary>
        <summary lang="id_ID">Kontrol SNES</summary>
        <summary lang="ko_KR">SNES 컨트롤러</summary>
        <summary lang="lt_LT">SNES valdiklis</summary>
        <summary lang="nl_NL">SNES controller</summary>
        <summary lang="pl_PL">Kontroler SNES</summary>
        <summary lang="pt_BR">Controlador SNES</summary>
        <summary lang="ru_RU">SNES контроллер</summary>
        <summary lang="zh_CN">SNES 控制器</summary>
        <summary lang="zh_TW">SNES控制器</summary>
        <description lang="bs_BA">Super Nintendo (također poznat kao Super NES ili SNES) je 16-bitna konzola objavljena 1990-te godine. Dizajn džojstika poslužio je kao inspiracija za PlayStation, Dreamcast, Xbox i Wii Classic džojstike.</description>
        <description lang="ca_ES">La SNES (també coneguda com Super NES o Super Nintendo) és una consola de 16 bits llançada el 1990. El disseny del comandament va servir d'inspiració per als comandaments de PlayStation, Dreamcast, Xbox i Wii Classic.</description>
        <description lang="da_DK">SNES (også kendt som Super NES eller Super Nintendo) er en 16-bit konsol udgivet i 1990. Controllerdesignet fungerede som inspiration til PlayStation-, Dreamcast-, Xbox- og Wii Classic-controllere.</description>
        <description lang="de_DE">SNES (auch bekannt als Super NES oder Super Nintendo) ist eine 1990 veröffentlichte 16-bit Konsole. Das Controller-Design diente als Inspiration für die Controller von Playstation, Dreamcast, Xbox und Wii Classic.</description>
        <description lang="en_GB">The SNES (akso known as Super NES or Super Nintendo) is a 16-bit console released in 1990. The controller design served as inspiration for the PlayStation, Dreamcast, Xbox and Wii Classic controllers.</description>
        <description lang="es_ES">La SNES (tambiíen conocida como Super NES o Super Nintendo) es una consola de 16-bit lanzada en 1990. El diseño de su mando sirvió de inspiracion para la PlayStation, Dreamcast, Xbox y los Mandos Clásicos de Wii.</description>
        <description lang="es_MX">La SNES (también conocida como Super NES o Super Nintendo) es una consola de 16-bit lanzada en 1990. El diseño del control sirvió como inspiración para los controles de PlayStation, Dreamcast, Xbox, y de la Wii Classic.</description>
        <description lang="fa_IR">اس‌نس (SNES که به نام‌های سوپر NES و سوپر نینتندو هم شناخته می‌شود) کنسولی ۱۶بیتی است که در ۱۳۶۷ ارائه شد. طرّاحی دسته‌اش، الهامی برای دسته‌های پلی‌استیشن، دریم‌کست، اکس‌باکس و وی بود.</description>
        <description lang="fi_FI">SNES (tunnetaan myös nimellä Super NES tai Super Nintendo) on 16-bittinen konsoli, joka julkaistiin vuonna 1990. Ohjaimen suunnittelu toimi inspiraationa PlayStation-, Dreamcast-, Xbox- ja Wii Classic -ohjaimille.</description>
        <description lang="fr_FR">La SNES (connue aussi sous le nom de Super NES ou Super Nintendo) est une console 16 bit sortie en 1990. Le dessin de la manette a servi d'inspiration pour les manettes de la PlayStation, la Dreamcast, la Xbox and la Wii Classic.</description>
        <description lang="he_IL">SNES (ידוע גם בשם סופר NES או סופר נינטנדו) היא מערכת משחקים ב־16 סיביות שיצאה לאור ב־1990. עיצוב הבקר שימש השראה לבקרים של PlayStation,‏ Dreamcast,‏ Xbox ו־Wii Classic.</description>
        <description lang="hu_HU">A SNES (más néven Super NES vagy Super Nintendo) egy 1990-ben kiadott 16 bites konzol. A vezérlő kialakítása inspirációt jelentett a PlayStation, a Dreamcast, az Xbox és a Wii Classic vezérlőkhöz.</description>
        <description lang="id_ID">SNES (juga dikenal sebagai Super NES atau Super Nintendo) adalah konsol 16-bit yang dirilis pada tahun 1990. Desain pengontrol berfungsi sebagai inspirasi untuk pengontrol PlayStation, Dreamcast, Xbox, dan Wii Classic.</description>
        <description lang="ko_KR">SNES(Super NES 또는 슈퍼 닌텐도라고도 함)는 1990년에 출시된 16비트 콘솔입니다. 컨트롤러 디자인은 PlayStation, Dreamcast, Xbox 및 Wii 클래식 컨트롤러에 영감을 주었습니다.</description>
        <description lang="lt_LT">SNES (taip pat žinomas kaip Super NES arba Super Nintendo) yra 16 bitų konsolė, išleista 1990 m. Valdiklio dizainas įkvėpė PlayStation, Dreamcast, Xbox ir Wii Classic valdiklius.</description>
        <description lang="nl_NL">De SNES (ook bekend als de Super NES of Super Nintendo) is een 16-bit console uit 1990. Het controller ontwerp heeft gediend als inspiratie voor de PlayStations, Dreamcast, Xbox en Wii controllers.</description>
        <description lang="pl_PL">SNES (znana również jako Super NES lub Super Nintendo) to 16-bitowa konsola wydana w 1990 roku. Wzór kontrolera był inspiracją dla kontrolerów PlayStation, Dreamcast, Xbox i Wii Classic.</description>
        <description lang="pt_BR">O SNES (também conhecido como Super NES ou Super Nintendo) é um console de 16 bits lançado em 1990. O design do controlador serviu de inspiração para os controles PlayStation, Dreamcast, Xbox e Wii Classic.</description>
        <description lang="ru_RU">SNES (также известная как Super NES или Super Nintendo) - 16-битная консоль, выпущенная в 1990 году. Дизайн контроллера послужил источником вдохновения для контроллеров PlayStation, Dreamcast, Xbox и Wii Classic.</description>
        <description lang="zh_CN">SNES（又名超级 NES 或超级任天堂）是1990年发布的16位游戏主机。其手柄设计为 PlayStation、Dreamcast、Xbox 和 Wii 经典手柄提供了灵感。</description>
        <description lang="zh_TW">SNES(又名超任)是在1990發表的16位元遊戲主機。該機型的控制器設計思路啟發了後繼的PS、DC、Xbox及Wii等主機。</description>
        <disclaimer lang="bs_BA">Zasluga za sliku: OpenEmu (openemu.org)</disclaimer>
        <disclaimer lang="ca_ES">Crèdit de la imatge: OpenEmu (openemu.org)</disclaimer>
        <disclaimer lang="da_DK">Kildeangivelse: OpenEmu (openemu.org)</disclaimer>
        <disclaimer lang="de_DE">Bildnachweis: OpenEmu (openemu.org)</disclaimer>
        <disclaimer lang="en_GB">Image credit: OpenEmu (openemu.org)</disclaimer>
        <disclaimer lang="es_ES">Crédito de la imagen: OpenEmu (openemu.org)</disclaimer>
        <disclaimer lang="es_MX">Créditos de la imagen: OpenEmu (openemu.org)</disclaimer>
        <disclaimer lang="fa_IR">اعتبار تصویر: openemu.org</disclaimer>
        <disclaimer lang="fi_FI">Kuvan lähde: OpenEmu (openemu.org)</disclaimer>
        <disclaimer lang="fr_FR">Crédit Image : OpenEmu (openemu.org)</disclaimer>
        <disclaimer lang="he_IL">זכויות על התמונה: OpenEmu (openemu.org)</disclaimer>
        <disclaimer lang="hu_HU">Kép credit: OpenEmu (openemu.org)</disclaimer>
        <disclaimer lang="id_ID">Sumber gambar: OpenEmu (openemu.org)</disclaimer>
        <disclaimer lang="ko_KR">이미지 제공: OpenEmu(openemu.org)</disclaimer>
        <disclaimer lang="lt_LT">Atvaizdo šaltinis: OpenEmu (openemu.org)</disclaimer>
        <disclaimer lang="nl_NL">Bron afbeelding: OpenEmu (openemu.org)</disclaimer>
        <disclaimer lang="oc_FR">Crèdit imatge : OpenEmu (openemu.org)</disclaimer>
        <disclaimer lang="pl_PL">Pochodzenie obrazu: OpenEmu (openemu.org)</disclaimer>
        <disclaimer lang="pt_BR">Crédito da imagem: OpenEmu (openemu.org)</disclaimer>
        <disclaimer lang="ru_RU">Источник изображения : OpenEmu (openemu.org)</disclaimer>
        <disclaimer lang="zh_CN">图片来源：OpenEmu（openemu.org）</disclaimer>
        <disclaimer lang="zh_TW">圖片來源：OpenEmu (openemu.org)</disclaimer>
    </extension>
</addon>
